{"stats":{"minecraft:mined":{"minecraft:oak_leaves":1},"minecraft:picked_up":{"minecraft:jungle_sapling":1,"minecraft:stick":1,"minecraft:black_candle":1},"minecraft:used":{"minecraft:black_candle":1,"minecraft:cooked_beef":2},"minecraft:custom":{"minecraft:jump":193,"minecraft:open_chest":8,"minecraft:time_since_rest":5505,"minecraft:crouch_one_cm":69,"minecraft:sprint_one_cm":38623,"minecraft:leave_game":1,"minecraft:play_time":5505,"minecraft:damage_taken":80,"minecraft:time_since_death":5505,"minecraft:walk_one_cm":6295,"minecraft:sneak_time":90,"minecraft:climb_one_cm":2669,"minecraft:total_world_time":5505,"minecraft:talked_to_villager":2,"minecraft:fall_one_cm":5632,"minecraft:fly_one_cm":50862,"minecraft:eat_cake_slice":4,"minecraft:open_barrel":2}},"DataVersion":3465}